submission_id,student_name
17,"Student User"
18,"Student User"
19,"Student User"
20,"Student User"
21,"Student User"
22,"Student User"
23,"Student User"
24,"Student User"
29,"Student User"
30,"Student User"
31,"Student User"
32,"Student User"
33,"Student User"
34,"Student User"
35,"Student User"
36,"Student User"
41,"Student User"
42,"Student User"
43,"Student User"
44,"Student User"
45,"Student User"
46,"Student User"
47,"Student User"
48,"Student User"
53,"Guest Student"
54,"Guest Student"
55,"Guest Student"
56,"Guest Student"
57,"Guest Student"
58,"Guest Student"
59,"Guest Student"
60,"Guest Student"
61,"Guest Student"
62,"Guest Student"
63,"Guest Student"
64,"Guest Student"
65,"Guest Student"
66,"Guest Student"
67,"Guest Student"
68,"Guest Student"
69,"Guest Student"
70,"Guest Student"
71,"Guest Student"
72,"Guest Student"
73,"Guest Student"
74,"Guest Student"
75,"Guest Student"
76,"Guest Student"
77,"Guest Student"
78,"Guest Student"
79,"Guest Student"
80,"Guest Student"
81,"Guest Student"
82,"Guest Student"
83,"Guest Student"
92,"Guest Student"
93,"Guest Student"
94,"Guest Student"
95,"Guest Student"
96,"Guest Student"
97,"Guest Student"
98,"Guest Student"
99,"Guest Student"
104,"Guest Student"
105,"Guest Student"
106,"Guest Student"
107,"Guest Student"
108,"Guest Student"
109,"Guest Student"
110,"Guest Student"
111,"Guest Student"
116,"Guest Student"
117,"Guest Student"
118,"Guest Student"
119,"Guest Student"
120,"Guest Student"
121,"Guest Student"
122,"Guest Student"
123,"Guest Student"
128,"Guest Student"
129,"Guest Student"
130,"Guest Student"
131,"Guest Student"
132,"Guest Student"
133,"Guest Student"
134,"Guest Student"
135,"Guest Student"
140,"Guest Student"
141,"Guest Student"
142,"Guest Student"
143,"Guest Student"
144,"Guest Student"
145,"Guest Student"
146,"Guest Student"
147,"Guest Student"
152,"Guest Student"
153,"Guest Student"
154,"Guest Student"
155,"Guest Student"
156,"Guest Student"
157,"Guest Student"
158,"Guest Student"
159,"Guest Student"
164,"Guest Student"
165,"Guest Student"
166,"Guest Student"
167,"Guest Student"
168,"Guest Student"
169,"Guest Student"
170,"Guest Student"
171,"Guest Student"
176,"Guest Student"
177,"Guest Student"
178,"Guest Student"
179,"Guest Student"
180,"Guest Student"
181,"Guest Student"
182,"Guest Student"
183,"Guest Student"
188,"Guest Student"
189,"Guest Student"
190,"Guest Student"
191,"Guest Student"
192,"Guest Student"
193,"Guest Student"
194,"Guest Student"
195,"Guest Student"
200,"Guest Student"
201,"Guest Student"
202,"Guest Student"
203,"Guest Student"
204,"Guest Student"
205,"Guest Student"
206,"Guest Student"
207,"Guest Student"
212,"Guest Student"
213,"Guest Student"
214,"Guest Student"
215,"Guest Student"
216,"Guest Student"
217,"Guest Student"
218,"Guest Student"
219,"Guest Student"
224,"Guest Student"
225,"Guest Student"
226,"Guest Student"
227,"Guest Student"
228,"Guest Student"
229,"Guest Student"
230,"Guest Student"
231,"Guest Student"
236,"Guest Student"
237,"Guest Student"
238,"Guest Student"
239,"Guest Student"
240,"Guest Student"
241,"Guest Student"
242,"Guest Student"
243,"Guest Student"
